<?xml version="1.0" encoding="utf-8"?>
<extension type="module" client="administrator" method="upgrade" version="3.1" position="cpanel">
	<name>HikaShop Dashboard</name>
	<author>Hikari Software / Obsidev</author>
	<creationDate>02 septembre 2019</creationDate>
	<version>4.2.1</version>
	<copyright>(C) 2010-2019 HIKARI SOFTWARE. All rights reserved.</copyright>
	<authorEmail>dev@hikashop.com</authorEmail>
	<authorUrl>www.hikashop.com</authorUrl>
	<description>HikaShop Dashboard for use in the Joomla! Control Panel page.</description>
	<files>
		<filename module="mod_hikashop_dashboard">mod_hikashop_dashboard.php</filename>
		<filename>index.html</filename>
		<folder>tmpl</folder>
	</files>
	<params group="advanced">
		<param name="cache" type="list" default="0" label="Caching" description="Select whether to cache the content of this module">
			<option value="0">No caching</option>
			<option value="1">Use global</option>
		</param>
		<param name="cache_time" type="text" default="900" label="Cache Time" description="The time before the module is recached" />
	</params>
</extension>
