<?xml version="1.0" encoding="utf-8"?>
<extension version="2.5" type="plugin" group="finder" method="upgrade">
	<name>Smart Search - HikaShop Products</name>
	<creationDate>02 septembre 2019</creationDate>
	<version>4.2.1</version>
	<author>Hikashop</author>
	<authorEmail>dev@hikashop.com</authorEmail>
	<authorUrl>http://www.hikashop.com</authorUrl>
	<copyright>(C) 2010-2019 HIKARI SOFTWARE. All rights reserved.</copyright>
	<license>http://www.gnu.org/licenses/gpl-2.0.html GNU/GPL</license>
	<description>This plugin enables you to index HikaShop products information for the Joomla Smart Search system</description>
	<files>
		<filename plugin="hikashop">hikashop.php</filename>
	</files>
</extension>
