<?xml version="1.0" encoding="utf-8"?>
<extension type="module" version="2.5" method="upgrade">
	<name>Hikashop Module</name>
	<creationDate>02 septembre 2019</creationDate>
	<version>4.2.1</version>
	<author>Hikari Software</author>
	<authorEmail>dev@hikashop.com</authorEmail>
	<authorUrl>http://www.hikashop.com</authorUrl>
	<copyright>(C) 2010-2019 HIKARI SOFTWARE. All rights reserved.</copyright>
	<license>http://www.gnu.org/licenses/gpl-2.0.html GNU/GPL</license>
	<description>Content display for Hikashop</description>
	<files>
		<filename module="mod_hikashop">mod_hikashop.php</filename>
		<filename>index.html</filename>
		<folder>tmpl</folder>
	</files>
	<params addpath="/components/com_hikashop/params">
		<param name="moduleclass_sfx" type="text" default="" label="Module Class Suffix" description="PARAMMODULECLASSSUFFIX" />
		<param name="hikashopmodule" type="hikashopmodule" default="module" label="hikashop" description="HikaShop options" />
	</params>
	<config>
		<fields name="params" addfieldpath="/components/com_hikashop/fields">
			<fieldset name="basic">
				<field
					name="moduleclass_sfx"
					type="text"
					label="COM_MODULES_FIELD_MODULECLASS_SFX_LABEL"
					description="COM_MODULES_FIELD_MODULECLASS_SFX_DESC" />
			</fieldset>
			<fieldset name="hk_options" label="Hikashop Options">
				<field
					id="hikashopmodule"
					name="hikashopmodule"
					multiple="true"
					type="hikashopmodule"
					label="HikaShop"
					description="HikaShop options"
				/>
			</fieldset>
		</fields>
	</config>
</extension>
